ID,effect_name,Label
effect_id_1,下乳,effect
effect_id_2,下乳消肿,effect
effect_id_3,下气,effect
effect_id_4,下气利水,effect
effect_id_5,下气除满,effect
effect_id_6,乌须发,effect
effect_id_7,交通心肾,effect
effect_id_8,偏于消食,effect
effect_id_9,健胃,effect
effect_id_10,健胃消食,effect
effect_id_11,健脾,effect
effect_id_12,健脾养胃,effect
effect_id_13,健脾利湿,effect
effect_id_14,健脾化湿,effect
effect_id_15,健脾和胃,effect
effect_id_16,健脾开胃,effect
effect_id_17,健脾止泻,effect
effect_id_18,健脾消食,effect
effect_id_19,健脾益气,effect
effect_id_20,健脾益肺,effect
effect_id_21,健脾胃,effect
effect_id_22,健腰脚,effect
effect_id_23,健骨,effect
effect_id_24,催吐,effect
effect_id_25,养心,effect
effect_id_26,养心安神,effect
effect_id_27,养心补肝,effect
effect_id_28,养肝明目,effect
effect_id_29,养血,effect
effect_id_30,养血安神,effect
effect_id_31,养血平肝,effect
effect_id_32,养血息风,effect
effect_id_33,养血柔肝,effect
effect_id_34,养血生津,effect
effect_id_35,养血调经,effect
effect_id_36,养阴润燥,effect
effect_id_37,养阴润肺,effect
effect_id_38,养阴清肺,effect
effect_id_39,养阴熄风,effect
effect_id_40,养阴生津,effect
effect_id_41,内服止血止泻,effect
effect_id_42,凉心定惊,effect
effect_id_43,凉肝,effect
effect_id_44,凉肝止血,effect
effect_id_45,凉血,effect
effect_id_46,凉血利咽,effect
effect_id_47,凉血止痢,effect
effect_id_48,凉血止血,effect
effect_id_49,凉血消斑,effect
effect_id_50,凉血消痈,effect
effect_id_51,凉血消肿,effect
effect_id_52,凉血祛风,effect
effect_id_53,凉血解毒,effect
effect_id_54,凉血除蒸,effect
effect_id_55,利二便,effect
effect_id_56,利关节,effect
effect_id_57,利咽,effect
effect_id_58,利咽解毒,effect
effect_id_59,利小便,effect
effect_id_60,利尿,effect
effect_id_61,利尿消肿,effect
effect_id_62,利尿通淋,effect
effect_id_63,利气宽胸,effect
effect_id_64,利水,effect
effect_id_65,利水消肿,effect
effect_id_66,利水渗湿,effect
effect_id_67,利水通淋,effect
effect_id_68,利湿,effect
effect_id_69,利湿去浊,effect
effect_id_70,利湿热,effect
effect_id_71,利湿退黄,effect
effect_id_72,利湿除痹,effect
effect_id_73,利筋骨,effect
effect_id_74,利胆,effect
effect_id_75,利胆退黄,effect
effect_id_76,利膈,effect
effect_id_77,制酸,effect
effect_id_78,制酸止痛,effect
effect_id_79,助阳化气,effect
effect_id_80,助阳止泻,effect
effect_id_81,助阳益精,effect
effect_id_82,助阳解表,effect
effect_id_83,化浊降脂,effect
effect_id_84,化湿,effect
effect_id_85,化湿和中,effect
effect_id_86,化湿开胃,effect
effect_id_87,化湿行气,effect
effect_id_88,化痰,effect
effect_id_89,化痰散痞,effect
effect_id_90,化痰散结,effect
effect_id_91,化痰止咳,effect
effect_id_92,化痰止咳平喘,effect
effect_id_93,化痰软坚,effect
effect_id_94,化瘀,effect
effect_id_95,化瘀止痛,effect
effect_id_96,化瘀止血,effect
effect_id_97,化老痰,effect
effect_id_98,化骨哽,effect
effect_id_99,升举阳气,effect
effect_id_100,升发清阳,effect
effect_id_101,升阳止泻,effect
effect_id_102,升阳解肌,effect
effect_id_103,去湿,effect
effect_id_104,去热,effect
effect_id_105,去翳,effect
effect_id_106,去翳明目,effect
effect_id_107,发汗,effect
effect_id_108,发汗散寒,effect
effect_id_109,发汗解肌,effect
effect_id_110,发汗解表,effect
effect_id_111,发汗透疹,effect
effect_id_112,发表,effect
effect_id_113,发表解暑,effect
effect_id_114,发表透疹,effect
effect_id_115,吐风痰宿食,effect
effect_id_116,和中健脾,effect
effect_id_117,和中消暑,effect
effect_id_118,和中消食,effect
effect_id_119,和中缓急,effect
effect_id_120,和胃,effect
effect_id_121,和胃化湿,effect
effect_id_122,和胃安胎,effect
effect_id_123,和胃止呕,effect
effect_id_124,和胃止痛,effect
effect_id_125,和脾,effect
effect_id_126,和血散瘀,effect
effect_id_127,回乳,effect
effect_id_128,回乳消胀,effect
effect_id_129,回阳救逆,effect
effect_id_130,回阳通脉,effect
effect_id_131,固崩止带,effect
effect_id_132,固精缩尿,effect
effect_id_133,固肾涩精,effect
effect_id_134,固虚脱,effect
effect_id_135,固表止汗,effect
effect_id_136,坠痰,effect
effect_id_137,坠痰下气,effect
effect_id_138,壮筋骨,effect
effect_id_139,壮肾阳,effect
effect_id_140,壮阳固精,effect
effect_id_141,复脉固脱,effect
effect_id_142,外用止血,effect
effect_id_143,外用解毒杀虫,effect
effect_id_144,大补元气,effect
effect_id_145,宁心,effect
effect_id_146,宁心安神,effect
effect_id_147,安心神,effect
effect_id_148,安神,effect
effect_id_149,安神定惊,effect
effect_id_150,安神益智,effect
effect_id_151,安神镇惊,effect
effect_id_152,安胎,effect
effect_id_153,安胎元,effect
effect_id_154,安蛔,effect
effect_id_155,安蛔。,effect
effect_id_156,定喘,effect
effect_id_157,定惊,effect
effect_id_158,定惊搐,effect
effect_id_159,定痛,effect
effect_id_160,宣散风热,effect
effect_id_161,宣湿,effect
effect_id_162,宣肺,effect
effect_id_163,宣肺平喘,effect
effect_id_164,宣肺透疹,effect
effect_id_165,宣通鼻窍,effect
effect_id_166,宣郁,effect
effect_id_167,宽中健胃,effect
effect_id_168,宽肠,effect
effect_id_169,峻下积滞,effect
effect_id_170,平冲降气,effect
effect_id_171,平喘,effect
effect_id_172,平喘止咳,effect
effect_id_173,平抑肝阳,effect
effect_id_174,平肝,effect
effect_id_175,平肝定惊,effect
effect_id_176,平肝息风,effect
effect_id_177,平肝明目,effect
effect_id_178,平肝潜阳,effect
effect_id_179,平肝解郁,effect
effect_id_180,平肝镇惊,effect
effect_id_181,平肝降压,effect
effect_id_182,开痰,effect
effect_id_183,开窍,effect
effect_id_184,开窍豁痰,effect
effect_id_185,开窍通闭,effect
effect_id_186,开窍醒神,effect
effect_id_187,开胃,effect
effect_id_188,开胃消食,effect
effect_id_189,开胃生津,effect
effect_id_190,开胃迸食,effect
effect_id_191,开郁,effect
effect_id_192,开郁化湿,effect
effect_id_193,引火归元,effect
effect_id_194,引血下行,effect
effect_id_195,强心,effect
effect_id_196,强筋壮骨,effect
effect_id_197,强筋活络,effect
effect_id_198,强筋骨,effect
effect_id_199,息风,effect
effect_id_200,息风定惊,effect
effect_id_201,息风止痉,effect
effect_id_202,息风镇痉,effect
effect_id_203,截疟,effect
effect_id_204,截疟除痰,effect
effect_id_205,托毒排脓,effect
effect_id_206,托疮毒,effect
effect_id_207,拔毒,effect
effect_id_208,排脓,effect
effect_id_209,接骨续筋,effect
effect_id_210,搜风,effect
effect_id_211,搜风胜湿,effect
effect_id_212,收敛固涩,effect
effect_id_213,收敛止血,effect
effect_id_214,收涩固脱,effect
effect_id_215,收涩止痢,effect
effect_id_216,收涩止血,effect
effect_id_217,收湿敛疮,effect
effect_id_218,攻毒散结,effect
effect_id_219,攻毒杀虫,effect
effect_id_220,敛汗,effect
effect_id_221,敛汗固精,effect
effect_id_222,敛汗涩精,effect
effect_id_223,敛疮,effect
effect_id_224,敛疮消肿,effect
effect_id_225,敛疮生肌,effect
effect_id_226,敛肺,effect
effect_id_227,敛肺定喘,effect
effect_id_228,敛肺平喘,effect
effect_id_229,敛肺止咳,effect
effect_id_230,敛肺降火,effect
effect_id_231,敛阴收汗,effect
effect_id_232,敛阴止汗,effect
effect_id_233,敛阴潜阳,effect
effect_id_234,散寒,effect
effect_id_235,散寒开胃,effect
effect_id_236,散寒止痛,effect
effect_id_237,散寒燥湿,effect
effect_id_238,散瘀,effect
effect_id_239,散瘀定痛,effect
effect_id_240,散瘀止,effect
effect_id_241,散瘀止痛,effect
effect_id_242,散瘀止血,effect
effect_id_243,散结,effect
effect_id_244,散结开胸,effect
effect_id_245,散结止痛,effect
effect_id_246,散结毒,effect
effect_id_247,散结消痈,effect
effect_id_248,散结消肿,effect
effect_id_249,散结解毒,effect
effect_id_250,散结通络止痛,effect
effect_id_251,散血解毒,effect
effect_id_252,散郁开结,effect
effect_id_253,散风,effect
effect_id_254,散风寒,effect
effect_id_255,散风清热,effect
effect_id_256,明目,effect
effect_id_257,明目。,effect
effect_id_258,明目乌发,effect
effect_id_259,明目退翳,effect
effect_id_260,暖肾固精缩尿,effect
effect_id_261,暖脾胃,effect
effect_id_262,暖腰膝,effect
effect_id_263,杀虫,effect
effect_id_264,杀虫攻积,effect
effect_id_265,杀虫散结,effect
effect_id_266,杀虫止痒,effect
effect_id_267,杀虫消积,effect
effect_id_268,杀虫疗疮,effect
effect_id_269,杀蛔,effect
effect_id_270,柔肝止痛,effect
effect_id_271,止呕,effect
effect_id_272,止呕止血,effect
effect_id_273,止咳,effect
effect_id_274,止咳化痰,effect
effect_id_275,止咳平喘,effect
effect_id_276,止咳排脓,effect
effect_id_277,止崩漏,effect
effect_id_278,止带,effect
effect_id_279,止带缩尿,effect
effect_id_280,止汗,effect
effect_id_281,止汗涩精,effect
effect_id_282,止泻,effect
effect_id_283,止泻痢,effect
effect_id_284,止渴,effect
effect_id_285,止痉,effect
effect_id_286,止痒,effect
effect_id_287,止痛,effect
effect_id_288,止痛。,effect
effect_id_289,止痢,effect
effect_id_290,止痹痛,effect
effect_id_291,止血,effect
effect_id_292,止血敛疮,effect
effect_id_293,止血散瘀,effect
effect_id_294,止血涩肠,effect
effect_id_295,止血生肌,effect
effect_id_296,泄热,effect
effect_id_297,泻下攻积,effect
effect_id_298,泻下焦湿热,effect
effect_id_299,泻下通便,effect
effect_id_300,泻水湿停饮,effect
effect_id_301,泻水逐饮,effect
effect_id_302,泻水通便,effect
effect_id_303,泻水饮,effect
effect_id_304,泻火,effect
effect_id_305,泻火平肝,effect
effect_id_306,泻火解毒,effect
effect_id_307,泻火除烦,effect
effect_id_308,泻火除蒸,effect
effect_id_309,泻热,effect
effect_id_310,泻热毒,effect
effect_id_311,泻热通便,effect
effect_id_312,泻热除烦,effect
effect_id_313,泻肝胆火,effect
effect_id_314,泻肺平喘,effect
effect_id_315,活血,effect
effect_id_316,活血化瘀,effect
effect_id_317,活血定痛,effect
effect_id_318,活血散瘀,effect
effect_id_319,活血止痛,effect
effect_id_320,活血止血,effect
effect_id_321,活血消痈,effect
effect_id_322,活血消瘀,effect
effect_id_323,活血消肿,effect
effect_id_324,活血理气,effect
effect_id_325,活血疗伤,effect
effect_id_326,活血痛经,effect
effect_id_327,活血祛瘀,effect
effect_id_328,活血祛风,effect
effect_id_329,活血补血,effect
effect_id_330,活血解毒,effect
effect_id_331,活血调经,effect
effect_id_332,活血通经,effect
effect_id_333,活血通络,effect
effect_id_334,消暑,effect
effect_id_335,消暑化湿,effect
effect_id_336,消疮,effect
effect_id_337,消疳热,effect
effect_id_338,消痈排脓,effect
effect_id_339,消痈散结,effect
effect_id_340,消痈肿,effect
effect_id_341,消痞散结,effect
effect_id_342,消痰,effect
effect_id_343,消痰化瘀,effect
effect_id_344,消痰止咳,effect
effect_id_345,消痰涤饮,effect
effect_id_346,消痰软坚散结,effect
effect_id_347,消瘀,effect
effect_id_348,消瘀破积,effect
effect_id_349,消积,effect
effect_id_350,消积化滞,effect
effect_id_351,消积导滞,effect
effect_id_352,消积杀虫,effect
effect_id_353,消积止痛,effect
effect_id_354,消翳,effect
effect_id_355,消肿,effect
effect_id_356,消肿定痛,effect
effect_id_357,消肿托毒,effect
effect_id_358,消肿排脓,effect
effect_id_359,消肿散结,effect
effect_id_360,消肿止痛,effect
effect_id_361,消肿毒,effect
effect_id_362,消肿生肌,effect
effect_id_363,消肿解毒,effect
effect_id_364,消风明目,effect
effect_id_365,消风祛斑,effect
effect_id_366,消食,effect
effect_id_367,消食下气,effect
effect_id_368,消食健胃,effect
effect_id_369,消食化滞,effect
effect_id_370,消食和中,effect
effect_id_371,消食宽中,effect
effect_id_372,消食导滞,effect
effect_id_373,消食攻积,effect
effect_id_374,消食调中,effect
effect_id_375,消食除胀,effect
effect_id_376,涌吐痰涎,effect
effect_id_377,涤痰,effect
effect_id_378,润五脏,effect
effect_id_379,润燥,effect
effect_id_380,润燥软坚,effect
effect_id_381,润肝,effect
effect_id_382,润肠,effect
effect_id_383,润肠通便,effect
effect_id_384,润肺,effect
effect_id_385,润肺下气,effect
effect_id_386,润肺下气止咳,effect
effect_id_387,润肺化痰,effect
effect_id_388,润肺平喘,effect
effect_id_389,润肺止咳,effect
effect_id_390,润肺清心,effect
effect_id_391,涩精,effect
effect_id_392,涩精止带,effect
effect_id_393,涩精止泄,effect
effect_id_394,涩精止血,effect
effect_id_395,涩精止遗,effect
effect_id_396,涩精气,effect
effect_id_397,涩肠,effect
effect_id_398,涩肠止泻,effect
effect_id_399,清利头目,effect
effect_id_400,清利湿热,effect
effect_id_401,清心,effect
effect_id_402,清心凉血,effect
effect_id_403,清心宁神,effect
effect_id_404,清心安神,effect
effect_id_405,清心火,effect
effect_id_406,清心镇惊,effect
effect_id_407,清心降火,effect
effect_id_408,清心除烦,effect
effect_id_409,清暑,effect
effect_id_410,清暑利湿,effect
effect_id_411,清暑化湿,effect
effect_id_412,清暑祛湿,effect
effect_id_413,清湿热,effect
effect_id_414,清火,effect
effect_id_415,清火消肿,effect
effect_id_416,清热,effect
effect_id_417,清热凉血,effect
effect_id_418,清热利尿,effect
effect_id_419,清热利尿通淋,effect
effect_id_420,清热利水,effect
effect_id_421,清热利湿,effect
effect_id_422,清热化痰,effect
effect_id_423,清热化痰止咳,effect
effect_id_424,清热坠痰,effect
effect_id_425,清热安胎,effect
effect_id_426,清热定惊,effect
effect_id_427,清热平肝,effect
effect_id_428,清热散结,effect
effect_id_429,清热明目,effect
effect_id_430,清热止痛,effect
effect_id_431,清热泻火,effect
effect_id_432,清热润肺,effect
effect_id_433,清热滑痰,effect
effect_id_434,清热燥湿,effect
effect_id_435,清热生津,effect
effect_id_436,清热补虚,effect
effect_id_437,清热解暑,effect
effect_id_438,清热解毒,effect
effect_id_439,清热豁痰,effect
effect_id_440,清热降火,effect
effect_id_441,清热除烦,effect
effect_id_442,清痰,effect
effect_id_443,清肝,effect
effect_id_444,清肝明目,effect
effect_id_445,清肝泻火,effect
effect_id_446,清肠通便,effect
effect_id_447,清肺,effect
effect_id_448,清肺利咽,effect
effect_id_449,清肺化痰,effect
effect_id_450,清肺和胃,effect
effect_id_451,清肺止咳,effect
effect_id_452,清肺润燥,effect
effect_id_453,清肺火,effect
effect_id_454,清肺生津,effect
effect_id_455,清肺解毒,effect
effect_id_456,清肺降气,effect
effect_id_457,清肺降火,effect
effect_id_458,清虚热,effect
effect_id_459,渗湿止泻,effect
effect_id_460,温中,effect
effect_id_461,温中下气,effect
effect_id_462,温中助阳,effect
effect_id_463,温中化痰,effect
effect_id_464,温中和胃,effect
effect_id_465,温中散寒,effect
effect_id_466,温中止呕,effect
effect_id_467,温中止泻,effect
effect_id_468,温中止痛,effect
effect_id_469,温中燥湿,effect
effect_id_470,温中行气,effect
effect_id_471,温中降逆,effect
effect_id_472,温经止痛,effect
effect_id_473,温经止血,effect
effect_id_474,温肺,effect
effect_id_475,温肺助阳,effect
effect_id_476,温肺化饮,effect
effect_id_477,温肺壮阳,effect
effect_id_478,温肺平喘,effect
effect_id_479,温肺肾,effect
effect_id_480,温肺豁痰利气,effect
effect_id_481,温肾下气,effect
effect_id_482,温肾助阳,effect
effect_id_483,温肾壮阳,effect
effect_id_484,温肾散寒,effect
effect_id_485,温肾暖宫,effect
effect_id_486,温肾益精,effect
effect_id_487,温胃止呕,effect
effect_id_488,温脾止泻,effect
effect_id_489,温脾止泻摄唾,effect
effect_id_490,温脾通便,effect
effect_id_491,温补肝肾,effect
effect_id_492,温通经脉,effect
effect_id_493,温通胸阳,effect
effect_id_494,滋补肝肾,effect
effect_id_495,滋阴,effect
effect_id_496,滋阴养血,effect
effect_id_497,滋阴润燥,effect
effect_id_498,滋阴清热,effect
effect_id_499,滋阴潜阳,effect
effect_id_500,滋阴生津,effect
effect_id_501,滋阴补血,effect
effect_id_502,滋阴降火,effect
effect_id_503,滑肠,effect
effect_id_504,滑肠通便,effect
effect_id_505,潜阳,effect
effect_id_506,潜阳补阴,effect
effect_id_507,热凉血,effect
effect_id_508,熄风定惊,effect
effect_id_509,燥湿,effect
effect_id_510,燥湿健脾,effect
effect_id_511,燥湿利水,effect
effect_id_512,燥湿化痰,effect
effect_id_513,燥湿止带,effect
effect_id_514,燥湿止痒,effect
effect_id_515,燥湿消痰,effect
effect_id_516,燥湿温中,effect
effect_id_517,燥湿祛痰,effect
effect_id_518,燥湿祛风,effect
effect_id_519,燥湿行气,effect
effect_id_520,燥湿解毒,effect
effect_id_521,理气,effect
effect_id_522,理气健脾,effect
effect_id_523,理气化湿,effect
effect_id_524,理气化痰,effect
effect_id_525,理气和胃,effect
effect_id_526,理气安胎,effect
effect_id_527,理气宽中,effect
effect_id_528,理气开胃,effect
effect_id_529,理气止痛,effect
effect_id_530,理气解郁,effect
effect_id_531,生发乌发,effect
effect_id_532,生津,effect
effect_id_533,生津养血,effect
effect_id_534,生津利尿,effect
effect_id_535,生津止渴,effect
effect_id_536,生津润燥,effect
effect_id_537,生津润肺,effect
effect_id_538,生津益肺,effect
effect_id_539,生肌,effect
effect_id_540,生肌敛疮,effect
effect_id_541,生肌止痛,effect
effect_id_542,疏散退热,effect
effect_id_543,疏散风热,effect
effect_id_544,疏肝,effect
effect_id_545,疏肝泄热,effect
effect_id_546,疏肝理气,effect
effect_id_547,疏肝破气,effect
effect_id_548,疏肝行气,effect
effect_id_549,疏肝解郁,effect
effect_id_550,疏风,effect
effect_id_551,疏风解表,effect
effect_id_552,疏风通络,effect
effect_id_553,疗伤止痛,effect
effect_id_554,疗癣,effect
effect_id_555,益气,effect
effect_id_556,益气健脾,effect
effect_id_557,益气复脉,effect
effect_id_558,益气摄血,effect
effect_id_559,益气生津,effect
effect_id_560,益气血,effect
effect_id_561,益气补中,effect
effect_id_562,益精,effect
effect_id_563,益精养血,effect
effect_id_564,益精填髓,effect
effect_id_565,益精明目,effect
effect_id_566,益精血,effect
effect_id_567,益肾,effect
effect_id_568,益肾固精,effect
effect_id_569,益肾固精缩尿,effect
effect_id_570,益肾涩精,effect
effect_id_571,益肾补元,effect
effect_id_572,益胃生津,effect
effect_id_573,破气,effect
effect_id_574,破气消积,effect
effect_id_575,破瘀,effect
effect_id_576,破瘀血,effect
effect_id_577,破瘀通经,effect
effect_id_578,破积,effect
effect_id_579,破积滞,effect
effect_id_580,破血,effect
effect_id_581,破血行气,effect
effect_id_582,破血逐瘀,effect
effect_id_583,破血通经,effect
effect_id_584,祛寒止痛,effect
effect_id_585,祛寒湿,effect
effect_id_586,祛暑解表,effect
effect_id_587,祛湿敛疮,effect
effect_id_588,祛湿止痒,effect
effect_id_589,祛痰,effect
effect_id_590,祛痰化瘀,effect
effect_id_591,祛痰平喘,effect
effect_id_592,祛痰止咳,effect
effect_id_593,祛瘀,effect
effect_id_594,祛瘀散结,effect
effect_id_595,祛瘀止血,effect
effect_id_596,祛瘀消肿,effect
effect_id_597,祛腐,effect
effect_id_598,祛除风痰,effect
effect_id_599,祛风,effect
effect_id_600,祛风化痰,effect
effect_id_601,祛风寒,effect
effect_id_602,祛风散寒,effect
effect_id_603,祛风散热,effect
effect_id_604,祛风明目,effect
effect_id_605,祛风杀虫,effect
effect_id_606,祛风止痒,effect
effect_id_607,祛风止痛,effect
effect_id_608,祛风活络,effect
effect_id_609,祛风湿,effect
effect_id_610,祛风燥湿,effect
effect_id_611,祛风痰,effect
effect_id_612,祛风解毒,effect
effect_id_613,祛风解表,effect
effect_id_614,祛风通络,effect
effect_id_615,祛风除湿,effect
effect_id_616,祛风除痹,effect
effect_id_617,纳气定喘,effect
effect_id_618,纳气平喘,effect
effect_id_619,绦,effect
effect_id_620,续折伤,effect
effect_id_621,续筋接骨,effect
effect_id_622,续筋骨,effect
effect_id_623,缓中止痛,effect
effect_id_624,缓急止痛,effect
effect_id_625,聪耳明目,effect
effect_id_626,肃肺,effect
effect_id_627,胜湿止痛,effect
effect_id_628,腐蚀赘疣,effect
effect_id_629,舒筋,effect
effect_id_630,舒筋活络,effect
effect_id_631,舒筋通络,effect
effect_id_632,舒肝,effect
effect_id_633,舒肝散瘀止痛,effect
effect_id_634,舒肝行气,effect
effect_id_635,舒肝解郁,effect
effect_id_636,舒郁,effect
effect_id_637,芳香化湿,effect
effect_id_638,蛲虫,effect
effect_id_639,行气,effect
effect_id_640,行气和胃,effect
effect_id_641,行气安胎,effect
effect_id_642,行气宽中,effect
effect_id_643,行气导滞,effect
effect_id_644,行气开郁,effect
effect_id_645,行气散瘀,effect
effect_id_646,行气散结,effect
effect_id_647,行气止痛,effect
effect_id_648,行气活血,effect
effect_id_649,行气消食,effect
effect_id_650,行气破血,effect
effect_id_651,行气血,effect
effect_id_652,行气解郁,effect
effect_id_653,行水,effect
effect_id_654,行水气,effect
effect_id_655,行水消肿,effect
effect_id_656,行水清热,effect
effect_id_657,行滞消胀,effect
effect_id_658,行滞通痹,effect
effect_id_659,行痰,effect
effect_id_660,行瘀血,effect
effect_id_661,补中,effect
effect_id_662,补中益气,effect
effect_id_663,补元阳,effect
effect_id_664,补气,effect
effect_id_665,补气健脾,effect
effect_id_666,补气养阴,effect
effect_id_667,补气升阳,effect
effect_id_668,补气血,effect
effect_id_669,补火助阳,effect
effect_id_670,补火壮阳,effect
effect_id_671,补益心脾,effect
effect_id_672,补益肝肾,effect
effect_id_673,补肝,effect
effect_id_674,补肝肾,effect
effect_id_675,补肺,effect
effect_id_676,补肺益气,effect
effect_id_677,补肺益肾,effect
effect_id_678,补肾,effect
effect_id_679,补肾助阳,effect
effect_id_680,补肾壮阳,effect
effect_id_681,补肾宁心,effect
effect_id_682,补肾强骨,effect
effect_id_683,补肾涩精,effect
effect_id_684,补肾阳,effect
effect_id_685,补脾健胃,effect
effect_id_686,补脾养胃,effect
effect_id_687,补脾和胃,effect
effect_id_688,补脾止泻,effect
effect_id_689,补脾益气,effect
effect_id_690,补脾益肺,effect
effect_id_691,补虚,effect
effect_id_692,补虚损,effect
effect_id_693,补虚润肺,effect
effect_id_694,补血,effect
effect_id_695,补血活血,effect
effect_id_696,补血滋阴,effect
effect_id_697,解暑,effect
effect_id_698,解暑化湿,effect
effect_id_699,解暑热,effect
effect_id_700,解毒,effect
effect_id_701,解毒。,effect
effect_id_702,解毒利咽,effect
effect_id_703,解毒排脓,effect
effect_id_704,解毒敛疮,effect
effect_id_705,解毒散结,effect
effect_id_706,解毒散结消痈,effect
effect_id_707,解毒杀虫,effect
effect_id_708,解毒消肿,effect
effect_id_709,解毒生肌,effect
effect_id_710,解毒疗疮,effect
effect_id_711,解痉,effect
effect_id_712,解肌退热,effect
effect_id_713,解药毒,effect
effect_id_714,解表,effect
effect_id_715,解表散寒,effect
effect_id_716,解表散风,effect
effect_id_717,解表祛暑,effect
effect_id_718,解郁安神,effect
effect_id_719,解酒毒,effect
effect_id_720,解酒醒脾,effect
effect_id_721,解鱼腥毒,effect
effect_id_722,解鱼蟹毒,effect
effect_id_723,调冲任,effect
effect_id_724,调和诸药,effect
effect_id_725,调气活血,effect
effect_id_726,调经止痛,effect
effect_id_727,调营卫,effect
effect_id_728,调血脉,effect
effect_id_729,豁痰,effect
effect_id_730,豁痰利咽,effect
effect_id_731,豁痰辟秽,effect
effect_id_732,败毒消痈,effect
effect_id_733,软化硬度,effect
effect_id_734,软坚,effect
effect_id_735,软坚散结,effect
effect_id_736,辟秽,effect
effect_id_737,追毒。,effect
effect_id_738,追风定痛,effect
effect_id_739,退热除蒸,effect
effect_id_740,退目翳,effect
effect_id_741,退翳,effect
effect_id_742,退虚热,effect
effect_id_743,退黄,effect
effect_id_744,透疹,effect
effect_id_745,透疹止泻,effect
effect_id_746,透疹消斑,effect
effect_id_747,透筋骨,effect
effect_id_748,逐水消肿,effect
effect_id_749,逐瘀,effect
effect_id_750,逐瘀消癥,effect
effect_id_751,逐瘀通经,effect
effect_id_752,通乳,effect
effect_id_753,通便,effect
effect_id_754,通利二便,effect
effect_id_755,通利关节,effect
effect_id_756,通气下乳,effect
effect_id_757,通气行水,effect
effect_id_758,通淋,effect
effect_id_759,通淋化石,effect
effect_id_760,通淋止痛,effect
effect_id_761,通痹止痛,effect
effect_id_762,通窍,effect
effect_id_763,通筋脉,effect
effect_id_764,通经,effect
effect_id_765,通经下乳,effect
effect_id_766,通经止痛,effect
effect_id_767,通经活络,effect
effect_id_768,通经络,effect
effect_id_769,通络,effect
effect_id_770,通络止痛,effect
effect_id_771,通血脉,effect
effect_id_772,通阳,effect
effect_id_773,通阳利水,effect
effect_id_774,通阳散结,effect
effect_id_775,通鼻窍,effect
effect_id_776,醒神益智,effect
effect_id_777,醒脾开胃,effect
effect_id_778,醒脾消食,effect
effect_id_779,重镇安神,effect
effect_id_780,重镇降逆,effect
effect_id_781,镇咳祛痰,effect
effect_id_782,镇心安神,effect
effect_id_783,镇惊,effect
effect_id_784,镇惊利窍,effect
effect_id_785,镇惊安神,effect
effect_id_786,镇痛,effect
effect_id_787,镇逆,effect
effect_id_788,降压,effect
effect_id_789,降气,effect
effect_id_790,降气化痰,effect
effect_id_791,降气止咳平喘,effect
effect_id_792,降火利咽,effect
effect_id_793,降血压,effect
effect_id_794,降逆,effect
effect_id_795,降逆止吐,effect
effect_id_796,降逆止呃,effect
effect_id_797,降逆止呕,effect
effect_id_798,降逆生津,effect
effect_id_799,除湿,effect
effect_id_800,除湿止带,effect
effect_id_801,除湿祛风,effect
effect_id_802,除烦,effect
effect_id_803,除烦止呕,effect
effect_id_804,除烦止温,effect
effect_id_805,除烦止渴,effect
effect_id_806,除烦渴,effect
effect_id_807,除热,effect
effect_id_808,除热止汗,effect
effect_id_809,除疳热,effect
effect_id_810,除痹,effect
effect_id_811,除积冷,effect
effect_id_812,除虚热,effect
effect_id_813,除风湿,effect
effect_id_814,除骨蒸,effect
effect_id_815,顺气,effect
effect_id_816,驱散体内寒气,effect
effect_id_817,驱虫,effect
