ID,syndrome_name,Label
syndrome_id_1,三阳俱证,syndrome
syndrome_id_2,三阳合病,syndrome
syndrome_id_3,上下失调证,syndrome
syndrome_id_4,上实下虚证,syndrome
syndrome_id_5,上热下寒证,syndrome
syndrome_id_6,上焦燥热证,syndrome
syndrome_id_7,下焦有火,syndrome
syndrome_id_8,下焦湿热证,syndrome
syndrome_id_9,下焦滑脱证,syndrome
syndrome_id_10,下焦热毒证,syndrome
syndrome_id_11,下焦热症,syndrome
syndrome_id_12,下焦蓄血证,syndrome
syndrome_id_13,下虚上实证,syndrome
syndrome_id_14,中寒停饮证,syndrome
syndrome_id_15,中气下陷证,syndrome
syndrome_id_16,中气不足,syndrome
syndrome_id_17,中焦寒并外邪,syndrome
syndrome_id_18,中焦湿热证,syndrome
syndrome_id_19,中焦虚寒证,syndrome
syndrome_id_20,中阳不正,syndrome
syndrome_id_21,久热伤阴证,syndrome
syndrome_id_22,久病入血,syndrome
syndrome_id_23,久痹,syndrome
syndrome_id_24,乳痈,syndrome
syndrome_id_25,乳蛾,syndrome
syndrome_id_26,五劳虚极证,syndrome
syndrome_id_27,产后恶露不绝心证,syndrome
syndrome_id_28,产后恶露阻肺证,syndrome
syndrome_id_29,产后败血冲胃证,syndrome
syndrome_id_30,伤络血溢证,syndrome
syndrome_id_31,伤阻卫阳证,syndrome
syndrome_id_32,伤阻热结证,syndrome
syndrome_id_33,伤食证,syndrome
syndrome_id_34,体液缺乏综合征,syndrome
syndrome_id_35,入里化热,syndrome
syndrome_id_36,入里化热之势,syndrome
syndrome_id_37,内闭外脱证,syndrome
syndrome_id_38,冲任不固,syndrome
syndrome_id_39,冲任不安证,syndrome
syndrome_id_40,冲任亏虚证,syndrome
syndrome_id_41,冲任寒证,syndrome
syndrome_id_42,冲任热证,syndrome
syndrome_id_43,冲任虚寒证,syndrome
syndrome_id_44,凉燥,syndrome
syndrome_id_45,化热入里,syndrome
syndrome_id_46,升降失调,syndrome
syndrome_id_47,厥明热迫大肠证,syndrome
syndrome_id_48,厥阴上热中寒阴虚证,syndrome
syndrome_id_49,厥阴寒格证,syndrome
syndrome_id_50,厥阴病,syndrome
syndrome_id_51,厥阴病证,syndrome
syndrome_id_52,发颐高热证,syndrome
syndrome_id_53,呃逆,syndrome
syndrome_id_54,土虚木克证,syndrome
syndrome_id_55,外伤,syndrome
syndrome_id_56,外伤证,syndrome
syndrome_id_57,外寒内热证,syndrome
syndrome_id_58,外寒内饮证,syndrome
syndrome_id_59,外寒风邪,syndrome
syndrome_id_60,外感夹食证,syndrome
syndrome_id_61,外感暑湿证,syndrome
syndrome_id_62,外感未清,syndrome
syndrome_id_63,外感犯胃证,syndrome
syndrome_id_64,外感瘟毒,syndrome
syndrome_id_65,外感风寒,syndrome
syndrome_id_66,外感风寒证,syndrome
syndrome_id_67,大结胸证,syndrome
syndrome_id_68,大肠液体耗尽综合征,syndrome
syndrome_id_69,大肠湿热,syndrome
syndrome_id_70,大肠湿热证,syndrome
syndrome_id_71,大肠热结证,syndrome
syndrome_id_72,大肠瘀热,syndrome
syndrome_id_73,大肠虚寒证,syndrome
syndrome_id_74,大阳水闭证,syndrome
syndrome_id_75,大阳热困肺证,syndrome
syndrome_id_76,大阳阳虚水气上冲证,syndrome
syndrome_id_77,大阳阴阳两虚证,syndrome
syndrome_id_78,大阴寒湿郁证,syndrome
syndrome_id_79,太阳,syndrome
syndrome_id_80,太阳上寒内津证,syndrome
syndrome_id_81,太阳上寒内热证,syndrome
syndrome_id_82,太阳与阳明合病,syndrome
syndrome_id_83,太阳中虚里急证,syndrome
syndrome_id_84,太阳中风证,syndrome
syndrome_id_85,太阳伤寒兼下利证,syndrome
syndrome_id_86,太阳伤寒证,syndrome
syndrome_id_87,太阳太阴合病证,syndrome
syndrome_id_88,太阳少阳犯胃上逆证,syndrome
syndrome_id_89,太阳少阳邪迫大肠证,syndrome
syndrome_id_90,太阳心气阴两虚证,syndrome
syndrome_id_91,太阳热多寒少证,syndrome
syndrome_id_92,太阳热扰胸膈中焦气滞证,syndrome
syndrome_id_93,太阳热扰胸膈中焦虚寒证,syndrome
syndrome_id_94,太阳热扰胸膈证,syndrome
syndrome_id_95,太阳热迫大肠证,syndrome
syndrome_id_96,太阳胸阳不振证,syndrome
syndrome_id_97,太阳蓄血证,syndrome
syndrome_id_98,太阳表实经输不利证,syndrome
syndrome_id_99,太阳表实证,syndrome
syndrome_id_100,太阳表虚经输不利证,syndrome
syndrome_id_101,太阳表虚肺气不利证,syndrome
syndrome_id_102,太阳表虚证,syndrome
syndrome_id_103,太阳邪陷脾气不和证,syndrome
syndrome_id_104,太阳阳明邪迫大肠证,syndrome
syndrome_id_105,太阳阳虚心浮证,syndrome
syndrome_id_106,太阳阳虚心神失守证,syndrome
syndrome_id_107,太阳阴盛虚阳上扰证,syndrome
syndrome_id_108,太阳风湿相搏证,syndrome
syndrome_id_109,太阳风湿相搏骨节证,syndrome
syndrome_id_110,太阴虚寒证,syndrome
syndrome_id_111,失于清肃,syndrome
syndrome_id_112,实热腹痛肠道阻滞,syndrome
syndrome_id_113,实热证,syndrome
syndrome_id_114,宫虚寒证,syndrome
syndrome_id_115,寒凝子宫证,syndrome
syndrome_id_116,寒凝少阴阳虚证,syndrome
syndrome_id_117,寒凝气滞,syndrome
syndrome_id_118,寒凝肝经证,syndrome
syndrome_id_119,寒凝胃脘证,syndrome
syndrome_id_120,寒凝胞宫,syndrome
syndrome_id_121,寒凝血滞证,syndrome
syndrome_id_122,寒凝血瘀,syndrome
syndrome_id_123,寒凝血瘀证,syndrome
syndrome_id_124,寒实结胸证,syndrome
syndrome_id_125,寒湿凝滞筋骨证,syndrome
syndrome_id_126,寒湿束表,syndrome
syndrome_id_127,寒湿痹阻证,syndrome
syndrome_id_128,寒湿证,syndrome
syndrome_id_129,寒湿郁肺证,syndrome
syndrome_id_130,寒湿阻肺证,syndrome
syndrome_id_131,寒热互结证,syndrome
syndrome_id_132,寒热痹阻证,syndrome
syndrome_id_133,寒热错杂证,syndrome
syndrome_id_134,寒疝证,syndrome
syndrome_id_135,寒痰证,syndrome
syndrome_id_136,寒痰阻肺证,syndrome
syndrome_id_137,寒痹证,syndrome
syndrome_id_138,寒盛血亏兼郁热证,syndrome
syndrome_id_139,寒积里实证,syndrome
syndrome_id_140,寒邪犯胃阴浊上逆证,syndrome
syndrome_id_141,寒饮上扰心神,syndrome
syndrome_id_142,寒饮停胃,syndrome
syndrome_id_143,寒饮停胃证,syndrome
syndrome_id_144,寒饮内停,syndrome
syndrome_id_145,寒饮内停证,syndrome
syndrome_id_146,寒饮射肺,syndrome
syndrome_id_147,寒饮郁久上犯证,syndrome
syndrome_id_148,小儿肾气虚弱证,syndrome
syndrome_id_149,小儿脾胃虚寒证,syndrome
syndrome_id_150,小儿脾胃虚弱证,syndrome
syndrome_id_151,小儿脾胃食滞证,syndrome
syndrome_id_152,小儿风寒束表证,syndrome
syndrome_id_153,小儿风湿束表证,syndrome
syndrome_id_154,小结胸证,syndrome
syndrome_id_155,小肠气滞证,syndrome
syndrome_id_156,小肠虚寒证,syndrome
syndrome_id_157,少阳,syndrome
syndrome_id_158,少阳兼胃热证,syndrome
syndrome_id_159,少阳兼表及里虚实错杂证,syndrome
syndrome_id_160,少阳兼表证,syndrome
syndrome_id_161,少阳兼里实证,syndrome
syndrome_id_162,少阳半表半里证,syndrome
syndrome_id_163,少阳合病,syndrome
syndrome_id_164,少阳太阳证,syndrome
syndrome_id_165,少阳水饮微结证,syndrome
syndrome_id_166,少阳病兼肺热证,syndrome
syndrome_id_167,少阳证,syndrome
syndrome_id_168,少阳郁热证,syndrome
syndrome_id_169,少阳阳明合病,syndrome
syndrome_id_170,少阳阳明合病兼夹瘀血,syndrome
syndrome_id_171,少阳阳明合病证,syndrome
syndrome_id_172,少阴兼表证,syndrome
syndrome_id_173,少阴兼阳明证,syndrome
syndrome_id_174,少阴客热犯咽证,syndrome
syndrome_id_175,少阴寒邪犯咽证,syndrome
syndrome_id_176,少阴病,syndrome
syndrome_id_177,少阴痰火结咽证,syndrome
syndrome_id_178,少阴虚寒滑脱证,syndrome
syndrome_id_179,少阴虚火犯喉证,syndrome
syndrome_id_180,少阴阳虚水泛证,syndrome
syndrome_id_181,少阴阳虚证,syndrome
syndrome_id_182,少阴阳虚阴盛证,syndrome
syndrome_id_183,少阴阴盛戴阳证,syndrome
syndrome_id_184,少阴阴盛格阳证,syndrome
syndrome_id_185,少阴阴虚水热互结证,syndrome
syndrome_id_186,少阴阴虛火旺证,syndrome
syndrome_id_187,干血停少腹证,syndrome
syndrome_id_188,心下水饮证,syndrome
syndrome_id_189,心气不足证,syndrome
syndrome_id_190,心气虚弱,syndrome
syndrome_id_191,心气虚证,syndrome
syndrome_id_192,心气阴两虚证,syndrome
syndrome_id_193,心火上盛证,syndrome
syndrome_id_194,心火亢盛,syndrome
syndrome_id_195,心肝血虚证,syndrome
syndrome_id_196,心肺有热证,syndrome
syndrome_id_197,心肺气虚证,syndrome
syndrome_id_198,心肾不交证,syndrome
syndrome_id_199,心肾不足,syndrome
syndrome_id_200,心肾两虚,syndrome
syndrome_id_201,心肾虚弱,syndrome
syndrome_id_202,心肾阳虚证,syndrome
syndrome_id_203,心肾阴虚,syndrome
syndrome_id_204,心胃火盛证,syndrome
syndrome_id_205,心胆气虚证,syndrome
syndrome_id_206,心脉不通证,syndrome
syndrome_id_207,心脾两虚,syndrome
syndrome_id_208,心脾两虚证,syndrome
syndrome_id_209,心脾虚弱,syndrome
syndrome_id_210,心血不足,syndrome
syndrome_id_211,心血两虚证,syndrome
syndrome_id_212,心血亏虚证,syndrome
syndrome_id_213,心阳暴脱证,syndrome
syndrome_id_214,心阳虚证,syndrome
syndrome_id_215,心阴虚证,syndrome
syndrome_id_216,心风证,syndrome
syndrome_id_217,悬饮证,syndrome
syndrome_id_218,挟热下利证,syndrome
syndrome_id_219,支饮上泛证,syndrome
syndrome_id_220,支饮证,syndrome
syndrome_id_221,春温卫分证,syndrome
syndrome_id_222,春温气分证,syndrome
syndrome_id_223,暑伤心肾证,syndrome
syndrome_id_224,暑兼寒湿证,syndrome
syndrome_id_225,暑湿困阻中焦证,syndrome
syndrome_id_226,暑湿挟滞证,syndrome
syndrome_id_227,暑湿郁蒸证,syndrome
syndrome_id_228,暑热伤气证,syndrome
syndrome_id_229,暑热证,syndrome
syndrome_id_230,暑邪内闭,syndrome
syndrome_id_231,毒郁上焦证,syndrome
syndrome_id_232,气分热盛证,syndrome
syndrome_id_233,气机阻滞证,syndrome
syndrome_id_234,气滞水停证,syndrome
syndrome_id_235,气滞瘀滞,syndrome
syndrome_id_236,气滞血凝证,syndrome
syndrome_id_237,气滞血瘀,syndrome
syndrome_id_238,气滞血瘀肢端失养证,syndrome
syndrome_id_239,气滞血瘀肢端虚寒证,syndrome
syndrome_id_240,气滞血瘀证,syndrome
syndrome_id_241,气滞血虚证,syndrome
syndrome_id_242,气滞证,syndrome
syndrome_id_243,气热烁津证,syndrome
syndrome_id_244,气营两炎证,syndrome
syndrome_id_245,气营两燔证,syndrome
syndrome_id_246,气虚血瘀水轮证,syndrome
syndrome_id_247,气虚证,syndrome
syndrome_id_248,气血不和证,syndrome
syndrome_id_249,气血不足证,syndrome
syndrome_id_250,气血两虚证,syndrome
syndrome_id_251,气血双亏营卫不和证,syndrome
syndrome_id_252,气血瘀滞,syndrome
syndrome_id_253,气血虚弱证,syndrome
syndrome_id_254,气轮湿热证,syndrome
syndrome_id_255,气轮风热证,syndrome
syndrome_id_256,气逆证,syndrome
syndrome_id_257,气郁化火证,syndrome
syndrome_id_258,气郁血瘀证,syndrome
syndrome_id_259,气阴两伤证,syndrome
syndrome_id_260,气阴两虚,syndrome
syndrome_id_261,气阴两虚证,syndrome
syndrome_id_262,气阻证,syndrome
syndrome_id_263,气陷证,syndrome
syndrome_id_264,水停食滞痞证,syndrome
syndrome_id_265,水内郁结证,syndrome
syndrome_id_266,水寒射肺证,syndrome
syndrome_id_267,水气凌心,syndrome
syndrome_id_268,水气外溢,syndrome
syndrome_id_269,水气外郁肌肤,syndrome
syndrome_id_270,水气慑心证,syndrome
syndrome_id_271,水湿上溢证,syndrome
syndrome_id_272,水湿内停证,syndrome
syndrome_id_273,水湿内证,syndrome
syndrome_id_274,水热互结证,syndrome
syndrome_id_275,水疝,syndrome
syndrome_id_276,水瘀互结,syndrome
syndrome_id_277,水瘀互结证,syndrome
syndrome_id_278,水血互结证,syndrome
syndrome_id_279,水轮实热证,syndrome
syndrome_id_280,水轮气虚血亏证,syndrome
syndrome_id_281,水轮气虚证,syndrome
syndrome_id_282,水轮阴虚证,syndrome
syndrome_id_283,水逆证,syndrome
syndrome_id_284,水饮证,syndrome
syndrome_id_285,津亏肠燥证,syndrome
syndrome_id_286,津血不足,syndrome
syndrome_id_287,浊阴不降证,syndrome
syndrome_id_288,液体不发育综合症,syndrome
syndrome_id_289,液干便结证,syndrome
syndrome_id_290,淤血,syndrome
syndrome_id_291,清阳不升,syndrome
syndrome_id_292,清阳不升证,syndrome
syndrome_id_293,温燥伤肺证,syndrome
syndrome_id_294,湿寒血瘀蕴冲任证,syndrome
syndrome_id_295,湿毒郁肺证,syndrome
syndrome_id_296,湿浊上逆,syndrome
syndrome_id_297,湿滞脾胃,syndrome
syndrome_id_298,湿热下注脉络瘀阻证,syndrome
syndrome_id_299,湿热下注证,syndrome
syndrome_id_300,湿热交阻,syndrome
syndrome_id_301,湿热内盛阳明证,syndrome
syndrome_id_302,湿热内蕴证,syndrome
syndrome_id_303,湿热化燥证,syndrome
syndrome_id_304,湿热夹瘀,syndrome
syndrome_id_305,湿热弥漫三焦证,syndrome
syndrome_id_306,湿热滞下,syndrome
syndrome_id_307,湿热燥实证,syndrome
syndrome_id_308,湿热痹阻证,syndrome
syndrome_id_309,湿热瘀久化热之阳黄证,syndrome
syndrome_id_310,湿热瘀结,syndrome
syndrome_id_311,湿热瘀阻,syndrome
syndrome_id_312,湿热瘀阻冲任经证,syndrome
syndrome_id_313,湿热瘀阻证,syndrome
syndrome_id_314,湿热积滞证,syndrome
syndrome_id_315,湿热蕴结,syndrome
syndrome_id_316,湿热蕴肺证,syndrome
syndrome_id_317,湿热证,syndrome
syndrome_id_318,湿热郁于经络证,syndrome
syndrome_id_319,湿热郁阻,syndrome
syndrome_id_320,湿热郁阻证,syndrome
syndrome_id_321,湿热阻滞,syndrome
syndrome_id_322,湿痰流聚皮下证,syndrome
syndrome_id_323,湿痰证,syndrome
syndrome_id_324,湿盛证,syndrome
syndrome_id_325,湿阻气证,syndrome
syndrome_id_326,火毒热盛证,syndrome
syndrome_id_327,火毒结聚证,syndrome
syndrome_id_328,火毒蕴肤证,syndrome
syndrome_id_329,火热内扰证,syndrome
syndrome_id_330,热伤气分证,syndrome
syndrome_id_331,热伤气阴证,syndrome
syndrome_id_332,热入气分证,syndrome
syndrome_id_333,热入营分证,syndrome
syndrome_id_334,热入血室证,syndrome
syndrome_id_335,热入血证,syndrome
syndrome_id_336,热厥证,syndrome
syndrome_id_337,热呃证,syndrome
syndrome_id_338,热扰胸膈证,syndrome
syndrome_id_339,热极生风证,syndrome
syndrome_id_340,热毒壅滞证,syndrome
syndrome_id_341,热毒湿注膀胱证,syndrome
syndrome_id_342,热毒蕴结,syndrome
syndrome_id_343,热毒证,syndrome
syndrome_id_344,热毒雍盛证,syndrome
syndrome_id_345,热湿证,syndrome
syndrome_id_346,热炽毒盛证,syndrome
syndrome_id_347,热痞兼表阳虚证,syndrome
syndrome_id_348,热痞证,syndrome
syndrome_id_349,热痰证,syndrome
syndrome_id_350,热痹证,syndrome
syndrome_id_351,热结胃肠证,syndrome
syndrome_id_352,热结阳明,syndrome
syndrome_id_353,热耗真阴证,syndrome
syndrome_id_354,热蕴肌表,syndrome
syndrome_id_355,热迫血溢出型肌衄,syndrome
syndrome_id_356,热邪内闭,syndrome
syndrome_id_357,热郁胸膈证,syndrome
syndrome_id_358,燥伤肺胃证,syndrome
syndrome_id_359,燥气伤肺,syndrome
syndrome_id_360,燥火痰气扰心,syndrome
syndrome_id_361,燥热伤肺证,syndrome
syndrome_id_362,燥热伤阴证,syndrome
syndrome_id_363,燥痰证,syndrome
syndrome_id_364,燥邪犯肺证,syndrome
syndrome_id_365,疟母证,syndrome
syndrome_id_366,疫毒闭肺证,syndrome
syndrome_id_367,疳积证,syndrome
syndrome_id_368,病后余热未尽劳复证,syndrome
syndrome_id_369,病后虚弱气滞证,syndrome
syndrome_id_370,病差水停腰下证,syndrome
syndrome_id_371,痢后伤阴证,syndrome
syndrome_id_372,痰壅食滞证,syndrome
syndrome_id_373,痰气互结,syndrome
syndrome_id_374,痰气互结证,syndrome
syndrome_id_375,痰气结证,syndrome
syndrome_id_376,痰气郁结,syndrome
syndrome_id_377,痰浊上逆,syndrome
syndrome_id_378,痰浊内结证,syndrome
syndrome_id_379,痰浊瘀血阻喉证,syndrome
syndrome_id_380,痰浊瘀血阻闭经络,syndrome
syndrome_id_381,痰浊阻肺,syndrome
syndrome_id_382,痰浊阻肺证,syndrome
syndrome_id_383,痰浊阻遏,syndrome
syndrome_id_384,痰湿内阻证,syndrome
syndrome_id_385,痰湿壅肺,syndrome
syndrome_id_386,痰湿水车证,syndrome
syndrome_id_387,痰湿阻宫证,syndrome
syndrome_id_388,痰湿阻滞,syndrome
syndrome_id_389,痰火凝滞皮下证,syndrome
syndrome_id_390,痰火扰乱,syndrome
syndrome_id_391,痰火扰心证,syndrome
syndrome_id_392,痰热互结,syndrome
syndrome_id_393,痰热互结证,syndrome
syndrome_id_394,痰热内阻,syndrome
syndrome_id_395,痰热壅肺,syndrome
syndrome_id_396,痰热壅肺证,syndrome
syndrome_id_397,痰热扰心证,syndrome
syndrome_id_398,痰热瘀结,syndrome
syndrome_id_399,痰热相搏,syndrome
syndrome_id_400,痰热蒙清窍证,syndrome
syndrome_id_401,痰热蕴肺证,syndrome
syndrome_id_402,痰瘀互结,syndrome
syndrome_id_403,痰瘀内阻证,syndrome
syndrome_id_404,痰瘀阻滞,syndrome
syndrome_id_405,痰阻心窍证,syndrome
syndrome_id_406,痰阻胸膈证,syndrome
syndrome_id_407,痰阻胸阳证,syndrome
syndrome_id_408,痰饮上犯,syndrome
syndrome_id_409,痰饮气逆证,syndrome
syndrome_id_410,瘀热互争证,syndrome
syndrome_id_411,瘀热互结,syndrome
syndrome_id_412,瘀热互结证,syndrome
syndrome_id_413,瘀热伤络型吐血,syndrome
syndrome_id_414,瘀热内结证,syndrome
syndrome_id_415,瘀热内阻证,syndrome
syndrome_id_416,瘀热阻滞,syndrome
syndrome_id_417,瘀血内阻,syndrome
syndrome_id_418,瘀血痰浊阻闭经络,syndrome
syndrome_id_419,瘀血痹阻,syndrome
syndrome_id_420,瘀血痹阻证,syndrome
syndrome_id_421,瘀血阻滞,syndrome
syndrome_id_422,瘀血阻滞证,syndrome
syndrome_id_423,瘀血阻络,syndrome
syndrome_id_424,瘀血阻络证,syndrome
syndrome_id_425,瘀阻脉络,syndrome
syndrome_id_426,瘀食胶结证,syndrome
syndrome_id_427,皮肤湿热证,syndrome
syndrome_id_428,皮肤风热证,syndrome
syndrome_id_429,真阴不足证,syndrome
syndrome_id_430,积气咽喉证,syndrome
syndrome_id_431,筋脉失养,syndrome
syndrome_id_432,精血两虚证,syndrome
syndrome_id_433,肉轮气虚证,syndrome
syndrome_id_434,肉轮湿热证,syndrome
syndrome_id_435,肉轮热阻血瘀证,syndrome
syndrome_id_436,肉轮风热证,syndrome
syndrome_id_437,肝寒上逆证,syndrome
syndrome_id_438,肝强脾弱,syndrome
syndrome_id_439,肝旺乘土证,syndrome
syndrome_id_440,肝气不疏证,syndrome
syndrome_id_441,肝气不调,syndrome
syndrome_id_442,肝气乘脾,syndrome
syndrome_id_443,肝气郁滞证,syndrome
syndrome_id_444,肝气郁结证,syndrome
syndrome_id_445,肝火上炎证,syndrome
syndrome_id_446,肝火亢盛,syndrome
syndrome_id_447,肝火旺盛,syndrome
syndrome_id_448,肝火犯肺证,syndrome
syndrome_id_449,肝热脾虚证,syndrome
syndrome_id_450,肝经湿热犯耳证,syndrome
syndrome_id_451,肝经湿热证,syndrome
syndrome_id_452,肝肾亏虚,syndrome
syndrome_id_453,肝肾几乎两虚证,syndrome
syndrome_id_454,肝肾阴虚,syndrome
syndrome_id_455,肝肾阴虚证,syndrome
syndrome_id_456,肝胃不和证,syndrome
syndrome_id_457,肝胆湿热证,syndrome
syndrome_id_458,肝脾不和证,syndrome
syndrome_id_459,肝脾两虚证,syndrome
syndrome_id_460,肝血不足证,syndrome
syndrome_id_461,肝血虚证,syndrome
syndrome_id_462,肝郁化火证,syndrome
syndrome_id_463,肝郁水停,syndrome
syndrome_id_464,肝郁脾虚,syndrome
syndrome_id_465,肝郁脾虚证,syndrome
syndrome_id_466,肝郁腑实证,syndrome
syndrome_id_467,肝郁血虚证,syndrome
syndrome_id_468,肝阳上亢,syndrome
syndrome_id_469,肝阳上亢证,syndrome
syndrome_id_470,肝阳亢盛,syndrome
syndrome_id_471,肝阳化风证,syndrome
syndrome_id_472,肝阴不足证,syndrome
syndrome_id_473,肝阴虚证,syndrome
syndrome_id_474,肝风内动,syndrome
syndrome_id_475,肝风内动证,syndrome
syndrome_id_476,肝风痰火在水轮证,syndrome
syndrome_id_477,肝风阳上扰,syndrome
syndrome_id_478,肠痈,syndrome
syndrome_id_479,肺失宣降,syndrome
syndrome_id_480,肺失宣降证,syndrome
syndrome_id_481,肺气上逆,syndrome
syndrome_id_482,肺气不宣证,syndrome
syndrome_id_483,肺气失宣,syndrome
syndrome_id_484,肺气虚证,syndrome
syndrome_id_485,肺气衰竭证,syndrome
syndrome_id_486,肺气郁闭证,syndrome
syndrome_id_487,肺气阴两虚证,syndrome
syndrome_id_488,肺气鼻虚证,syndrome
syndrome_id_489,肺热证,syndrome
syndrome_id_490,肺痈证,syndrome
syndrome_id_491,肺经蕴热,syndrome
syndrome_id_492,肺经鼻热郁结证,syndrome
syndrome_id_493,肺肾气虚,syndrome
syndrome_id_494,肺肾阴虚证,syndrome
syndrome_id_495,肺胃蕴热,syndrome
syndrome_id_496,肺胃阴虚证,syndrome
syndrome_id_497,肺脾两虚,syndrome
syndrome_id_498,肺脾气虚,syndrome
syndrome_id_499,肺脾气虚证,syndrome
syndrome_id_500,肺脾肾阳虚证,syndrome
syndrome_id_501,肺虚证,syndrome
syndrome_id_502,肺阳虚证,syndrome
syndrome_id_503,肺阴不足,syndrome
syndrome_id_504,肺阴虚证,syndrome
syndrome_id_505,肾不纳气证,syndrome
syndrome_id_506,肾气不固证,syndrome
syndrome_id_507,肾气虚证,syndrome
syndrome_id_508,肾气证,syndrome
syndrome_id_509,肾水不足,syndrome
syndrome_id_510,肾精不足证,syndrome
syndrome_id_511,肾虚水泛证,syndrome
syndrome_id_512,肾虚水饮证,syndrome
syndrome_id_513,肾虚血瘀,syndrome
syndrome_id_514,肾虚血瘀证,syndrome
syndrome_id_515,肾虚表寒证,syndrome
syndrome_id_516,肾阳虚证,syndrome
syndrome_id_517,肾阴虚弱,syndrome
syndrome_id_518,肾阴虚证,syndrome
syndrome_id_519,肾阴阳两虚证,syndrome
syndrome_id_520,胃寒水停证,syndrome
syndrome_id_521,胃寒证,syndrome
syndrome_id_522,胃强脾弱证,syndrome
syndrome_id_523,胃气上逆大阳证,syndrome
syndrome_id_524,胃气虚证,syndrome
syndrome_id_525,胃热证,syndrome
syndrome_id_526,胃热阴亏证,syndrome
syndrome_id_527,胃虚寒,syndrome
syndrome_id_528,胃虚气逆证,syndrome
syndrome_id_529,胃虚痰阻证,syndrome
syndrome_id_530,胃阳不足饮停证,syndrome
syndrome_id_531,胆气虚证,syndrome
syndrome_id_532,胆火上炎,syndrome
syndrome_id_533,胆热证,syndrome
syndrome_id_534,胆胃不和证,syndrome
syndrome_id_535,胆郁痰扰证,syndrome
syndrome_id_536,胎热证,syndrome
syndrome_id_537,胞宫瘀滞,syndrome
syndrome_id_538,胸中血瘀证,syndrome
syndrome_id_539,脾不统血证,syndrome
syndrome_id_540,脾亢证,syndrome
syndrome_id_541,脾失统血证,syndrome
syndrome_id_542,脾气下陷证,syndrome
syndrome_id_543,脾气虚证,syndrome
syndrome_id_544,脾疳证,syndrome
syndrome_id_545,脾肺不足,syndrome
syndrome_id_546,脾肺两虚证,syndrome
syndrome_id_547,脾肺气虚证,syndrome
syndrome_id_548,脾肾两虚,syndrome
syndrome_id_549,脾肾两虚证,syndrome
syndrome_id_550,脾肾亏虚证,syndrome
syndrome_id_551,脾肾气虚,syndrome
syndrome_id_552,脾肾虚损,syndrome
syndrome_id_553,脾肾阳虚,syndrome
syndrome_id_554,脾肾阳虚证,syndrome
syndrome_id_555,脾肾阴虚,syndrome
syndrome_id_556,脾胃气虚兼痰湿,syndrome
syndrome_id_557,脾胃气虚证,syndrome
syndrome_id_558,脾胃湿热证,syndrome
syndrome_id_559,脾胃湿证,syndrome
syndrome_id_560,脾胃虚寒,syndrome
syndrome_id_561,脾胃虚寒证,syndrome
syndrome_id_562,脾胃虚弱,syndrome
syndrome_id_563,脾胃阳虚证,syndrome
syndrome_id_564,脾虚下陷,syndrome
syndrome_id_565,脾虚夹湿证,syndrome
syndrome_id_566,脾虚夹饮证,syndrome
syndrome_id_567,脾虚并湿热下注,syndrome
syndrome_id_568,脾虚气滞大阳证,syndrome
syndrome_id_569,脾虚气滞证,syndrome
syndrome_id_570,脾虚水湿证,syndrome
syndrome_id_571,脾虚湿盛,syndrome
syndrome_id_572,脾虚湿阻证,syndrome
syndrome_id_573,脾虚生热证,syndrome
syndrome_id_574,脾虚胃盛证,syndrome
syndrome_id_575,脾虚证,syndrome
syndrome_id_576,脾阳虚弱,syndrome
syndrome_id_577,脾阳虚证,syndrome
syndrome_id_578,脾阴虚证,syndrome
syndrome_id_579,膀胱湿热证,syndrome
syndrome_id_580,膀胱虚寒证,syndrome
syndrome_id_581,荣卫不利,syndrome
syndrome_id_582,营卫不和证,syndrome
syndrome_id_583,营卫不固证,syndrome
syndrome_id_584,营血虚滞证,syndrome
syndrome_id_585,藏结证,syndrome
syndrome_id_586,虚劳夹瘀证,syndrome
syndrome_id_587,虚劳证,syndrome
syndrome_id_588,虚火上冲证,syndrome
syndrome_id_589,虚火灼喉证,syndrome
syndrome_id_590,虚脱证,syndrome
syndrome_id_591,蛔厥,syndrome
syndrome_id_592,蛔厥后期,syndrome
syndrome_id_593,蛔厥证,syndrome
syndrome_id_594,蛔虫内扰,syndrome
syndrome_id_595,蛔虫复阴证,syndrome
syndrome_id_596,蛔虫证,syndrome
syndrome_id_597,血厥证,syndrome
syndrome_id_598,血崩综合征,syndrome
syndrome_id_599,血热妄行证,syndrome
syndrome_id_600,血热证,syndrome
syndrome_id_601,血燥证,syndrome
syndrome_id_602,血症气瘕,syndrome
syndrome_id_603,血痹,syndrome
syndrome_id_604,血瘀互结证,syndrome
syndrome_id_605,血瘀湿阻,syndrome
syndrome_id_606,血瘀痰浊阻闭经络,syndrome
syndrome_id_607,血瘀痰结,syndrome
syndrome_id_608,血瘀证,syndrome
syndrome_id_609,血虚寒凝复阴证,syndrome
syndrome_id_610,血虚寒凝证,syndrome
syndrome_id_611,血虚寒厥证,syndrome
syndrome_id_612,血虚生风证,syndrome
syndrome_id_613,血虚皮肤风燥证,syndrome
syndrome_id_614,血虚证,syndrome
syndrome_id_615,血轮实热证,syndrome
syndrome_id_616,血轮虚热证,syndrome
syndrome_id_617,表热兼里寒下迫大肠证,syndrome
syndrome_id_618,表虚夹痰瘀证,syndrome
syndrome_id_619,表虚夹腹肌不和证,syndrome
syndrome_id_620,表虚寒盛证,syndrome
syndrome_id_621,表虚气逆,syndrome
syndrome_id_622,表虚湿盛,syndrome
syndrome_id_623,表虚自汗证,syndrome
syndrome_id_624,表虚阴亏证,syndrome
syndrome_id_625,表里俱虚证,syndrome
syndrome_id_626,表里同热证,syndrome
syndrome_id_627,表里热盛证,syndrome
syndrome_id_628,表闭内热证,syndrome
syndrome_id_629,表阳虚证,syndrome
syndrome_id_630,运化失常,syndrome
syndrome_id_631,运化失常证,syndrome
syndrome_id_632,逆传心包证,syndrome
syndrome_id_633,邪伏膜原证,syndrome
syndrome_id_634,邪伤肺卫证,syndrome
syndrome_id_635,邪入大阳,syndrome
syndrome_id_636,邪入太阳经输之表实证,syndrome
syndrome_id_637,邪在太阳经输之表虚证,syndrome
syndrome_id_638,邪毒侵袭,syndrome
syndrome_id_639,邪毒瘀热互结,syndrome
syndrome_id_640,邪热壅肺,syndrome
syndrome_id_641,邪热瘀结肌肤证,syndrome
syndrome_id_642,邪留阴分证,syndrome
syndrome_id_643,邪郁于表证,syndrome
syndrome_id_644,郁热不宣,syndrome
syndrome_id_645,郁热于里,syndrome
syndrome_id_646,郁热虫积证,syndrome
syndrome_id_647,里热内盛证,syndrome
syndrome_id_648,里虚寒凝证,syndrome
syndrome_id_649,里虚寒证,syndrome
syndrome_id_650,阳崩证,syndrome
syndrome_id_651,阳明水热结证,syndrome
syndrome_id_652,阳明津亏肠燥证,syndrome
syndrome_id_653,阳明湿热表证,syndrome
syndrome_id_654,阳明湿热证,syndrome
syndrome_id_655,阳明热盛证,syndrome
syndrome_id_656,阳明犯胃上亢证,syndrome
syndrome_id_657,阳明经证,syndrome
syndrome_id_658,阳明肠实证,syndrome
syndrome_id_659,阳明腑实证,syndrome
syndrome_id_660,阳明血瘀证,syndrome
syndrome_id_661,阳明里实证,syndrome
syndrome_id_662,阳明里热证,syndrome
syndrome_id_663,阳气亏虚经络亏虚证,syndrome
syndrome_id_664,阳气亏虚血瘀证,syndrome
syndrome_id_665,阳热生风证,syndrome
syndrome_id_666,阳虚中寒证,syndrome
syndrome_id_667,阳虚水冲证,syndrome
syndrome_id_668,阳虚水泛证,syndrome
syndrome_id_669,阳虚痰饮证,syndrome
syndrome_id_670,阳虚表卫不固证,syndrome
syndrome_id_671,阳虚表证,syndrome
syndrome_id_672,阳虚表邪证,syndrome
syndrome_id_673,阳虚证,syndrome
syndrome_id_674,阳黄,syndrome
syndrome_id_675,阴寒内盛证,syndrome
syndrome_id_676,阴疽证,syndrome
syndrome_id_677,阴虚内热证,syndrome
syndrome_id_678,阴虚动风证,syndrome
syndrome_id_679,阴虚夹湿热,syndrome
syndrome_id_680,阴虚津枯证,syndrome
syndrome_id_681,阴虚火旺,syndrome
syndrome_id_682,阴虚火旺证,syndrome
syndrome_id_683,阴虚火炽证,syndrome
syndrome_id_684,阴虚肺燥,syndrome
syndrome_id_685,阴虚证,syndrome
syndrome_id_686,阴虚阳亢证,syndrome
syndrome_id_687,阴阳不调,syndrome
syndrome_id_688,阴阳不调并脾气虚证,syndrome
syndrome_id_689,阴阳两虚大阳虚阳上扰证,syndrome
syndrome_id_690,阴阳两虚证,syndrome
syndrome_id_691,阴陷证,syndrome
syndrome_id_692,阻遏清窍,syndrome
syndrome_id_693,风寒外束,syndrome
syndrome_id_694,风寒夹湿证,syndrome
syndrome_id_695,风寒束表,syndrome
syndrome_id_696,风寒湿痹证,syndrome
syndrome_id_697,风寒湿邪阻络,syndrome
syndrome_id_698,风寒犯肺证,syndrome
syndrome_id_699,风寒表实证,syndrome
syndrome_id_700,风寒袭喉证,syndrome
syndrome_id_701,风水偏热证,syndrome
syndrome_id_702,风水夹热证,syndrome
syndrome_id_703,风水证,syndrome
syndrome_id_704,风水郁热,syndrome
syndrome_id_705,风湿热证,syndrome
syndrome_id_706,风湿表热证,syndrome
syndrome_id_707,风湿阻络,syndrome
syndrome_id_708,风湿阻络证,syndrome
syndrome_id_709,风热外感证,syndrome
syndrome_id_710,风热犯喉证,syndrome
syndrome_id_711,风热犯肺证,syndrome
syndrome_id_712,风热犯肺鼻息不利证,syndrome
syndrome_id_713,风热证,syndrome
syndrome_id_714,风热闭肺证,syndrome
syndrome_id_715,风痫证,syndrome
syndrome_id_716,风痰瘀阻,syndrome
syndrome_id_717,风痰证,syndrome
syndrome_id_718,风痰阻络证,syndrome
syndrome_id_719,风痰阻闭经络,syndrome
syndrome_id_720,风轮湿热证,syndrome
syndrome_id_721,风轮热毒证,syndrome
syndrome_id_722,风邪客肠胃,syndrome
syndrome_id_723,风邪热毒犯耳证,syndrome
syndrome_id_724,风邪袭卫,syndrome
syndrome_id_725,风阳上扰,syndrome
syndrome_id_726,食伤脾胃证,syndrome
syndrome_id_727,食滞夹热证,syndrome
syndrome_id_728,食痫证,syndrome
syndrome_id_729,食积证,syndrome
syndrome_id_730,饮久生热,syndrome
syndrome_id_731,饮停气逆证,syndrome
syndrome_id_732,饮留于胃证,syndrome
syndrome_id_733,饮结胸下证,syndrome
syndrome_id_734,饮邪停聚,syndrome
syndrome_id_735,饮食伤胃证,syndrome
