ID,taboo_name,Label
taboo_id_1,一般不与人参同用,taboo
taboo_id_2,下焦虚寒，小便失禁者禁服。,taboo
taboo_id_3,不可久服。中气虚寒者慎服。,taboo
taboo_id_4,不可多服,taboo
taboo_id_5,不可多服，恐损胃气,taboo
taboo_id_6,不宜与丁香，母丁香同用。,taboo
taboo_id_7,不宜与川乌，制川乌，草乌，制草乌，附子同用。,taboo
taboo_id_8,不宜与川乌，制川乌，草乌，制草乌，附子同用，生品内服宜慎。,taboo
taboo_id_9,不宜与海藻，京大戟，红大戟，甘遂，芫花同用。,taboo
taboo_id_10,不宜与甘草同用。,taboo
taboo_id_11,不宜与肉桂同用。,taboo
taboo_id_12,不宜与藜芦同用。,taboo
taboo_id_13,不宜与藜芦同用。 虚寒腹痛泄泻者慎服。,taboo
taboo_id_14,不宜与藜芦，五灵脂同用。,taboo
taboo_id_15,不宜与郁金同用。,taboo
taboo_id_16,不宜多服，久服，体虚者及孕妇禁用。,taboo
taboo_id_17,中寒泄泻者勿服,taboo
taboo_id_18,中寒湿盛者忌用。,taboo
taboo_id_19,中寒者勿使,taboo
taboo_id_20,中满痞胀及大便燥结者，忌服。,taboo
taboo_id_21,体寒湿滞及肠滑便泄者不宜服。,taboo
taboo_id_22,体弱者及孕妇忌服。,taboo
taboo_id_23,体弱者及孕妇禁服。,taboo
taboo_id_24,体虚及孕妇，咯血者禁服。,taboo
taboo_id_25,体虚者忌服。,taboo
taboo_id_26,体虚者慎服。,taboo
taboo_id_27,体虚，失血及上部无实邪者禁服。,taboo
taboo_id_28,体虚，妇女哺乳期，月经期及孕妇忌用,taboo
taboo_id_29,体虚，无实火热毒，阴证外疡及孕妇均忌服,taboo
taboo_id_30,体虚，无湿热及孕妇忌服。,taboo
taboo_id_31,体质虚寒者忌服。,taboo
taboo_id_32,内服不宜过量，以免中毒。,taboo
taboo_id_33,内服宜慎。孕妇忌服,taboo
taboo_id_34,内服宜慎，不可久用，孕妇禁用。,taboo
taboo_id_35,内热烦渴者慎服,taboo
taboo_id_36,凡中气下陷，脾虚泄泻，下元不固，梦遗失精，月经过多，及孕妇均忌服。,taboo
taboo_id_37,凡命门火炽，强阳不痿，素有湿热，小便淋涩者忌服。,taboo
taboo_id_38,凡无瘀血者慎服。孕妇忌用。,taboo
taboo_id_39,凡有湿痰，积滞，齿病，虫病者，均不相宜。,taboo
taboo_id_40,凡有表邪及实证者禁服，脾虚湿困纳呆者慎服。,taboo
taboo_id_41,凡素体虚弱而自汗，盗汗，气喘者，均忌服。,taboo
taboo_id_42,凡脾胃虚寒泄泻，胃有痰饮湿浊及暴感风寒咳嗽者均忌服。,taboo
taboo_id_43,凡脾虚泄泻及痰湿忌用,taboo
taboo_id_44,凡虚人，孕妇，阴虚火旺及热证疼痛者忌服。生者慎服。,taboo
taboo_id_45,凡虚寒体弱者慎用,taboo
taboo_id_46,凡血分无瘀滞及脾胃虚寒者忌服。,taboo
taboo_id_47,凡表证未罢，血虚气弱，脾胃虚寒，无实热，积滞，瘀结，以及胎前，产后，均应慎服。,taboo
taboo_id_48,凡阴虚内热者禁服。,taboo
taboo_id_49,出血无瘀滞或虚寒性出血者慎用,taboo
taboo_id_50,初起痢疾或咳嗽忌用。,taboo
taboo_id_51,回阳救逆，补火助阳，散寒止痛。用于亡阳虚脱，肢冷脉微，心阳不足，胸痹心痛，虚寒吐泻，脘腹冷痛，肾阳虚衰，阳痿宫冷，阴寒水肿，阳虚外感，寒湿痹痛。,taboo
taboo_id_52,多食则滞。冠心病，高血压，动脉血管粥样硬化者慎用,taboo
taboo_id_53,大便清泄及有湿痰者不宜。,taboo
taboo_id_54,大毒,taboo
taboo_id_55,妊娠不可服,taboo
taboo_id_56,孕妇及体虚者忌服,taboo
taboo_id_57,孕妇及月经期，哺乳期慎用。,taboo
taboo_id_58,孕妇及气虚者忌服,taboo
taboo_id_59,孕妇及肝肾功能不全者慎用。,taboo
taboo_id_60,孕妇及胃弱气虚者忌服。不宜与巴豆，巴豆霜同用。,taboo
taboo_id_61,孕妇及阴虚火旺者忌服。,taboo
taboo_id_62,孕妇忌服,taboo
taboo_id_63,孕妇忌服。,taboo
taboo_id_64,孕妇忌服。生者内服宜慎。,taboo
taboo_id_65,孕妇慎服,taboo
taboo_id_66,孕妇慎服。,taboo
taboo_id_67,孕妇慎用。,taboo
taboo_id_68,孕妇慎用，不宜与半夏，瓜蒌，瓜蒌子，瓜蒌皮，天花粉，川贝母，浙贝母，平贝母，伊贝母，湖北贝母，白蔹，白及同用。,taboo
taboo_id_69,孕妇慎用，不宜与川乌，制川乌，草乌，制草乌，附子同用。,taboo
taboo_id_70,孕妇慎用，不宜与硫黄，三棱同用。,taboo
taboo_id_71,孕妇慎用，生品内服宜慎。,taboo
taboo_id_72,孕妇或胃有寒湿者忌服。,taboo
taboo_id_73,孕妇禁服,taboo
taboo_id_74,孕妇禁服。,taboo
taboo_id_75,孕妇禁用。,taboo
taboo_id_76,孕妇禁用，不宜与巴豆，巴豆霜同用。,taboo
taboo_id_77,孕妇禁用，不宜与甘草同用。,taboo
taboo_id_78,孕妇禁用，不宜与芒硝，玄明粉同用。,taboo
taboo_id_79,孕妇禁用，血虚者及无瘀血者也不宜应用,taboo
taboo_id_80,实热及阴虚火旺者禁服。,taboo
taboo_id_81,实证慎服,taboo
taboo_id_82,寒嗽及脾虚便溏者忌服。,taboo
taboo_id_83,寒痰咳喘，胃寒呕逆及脾虚泄泻者禁服。,taboo
taboo_id_84,小麦面畏汉椒，萝菔。,taboo
taboo_id_85,忌铁器。,taboo
taboo_id_86,性主疏泄，气虚久嗽，阴虚喘逆，脾虚便滑者皆不可用。,taboo
taboo_id_87,无实热者慎服。,taboo
taboo_id_88,无瘀血者慎服。,taboo
taboo_id_89,有催吐副作用，用量不宜过大，孕妇慎用。正气虚弱，久病体弱者忌服,taboo
taboo_id_90,有出血倾向者及孕妇慎用，不宜与赤石脂同用。,taboo
taboo_id_91,有实热者忌服。,taboo
taboo_id_92,有实邪者忌服。,taboo
taboo_id_93,有实邪者忌用。,taboo
taboo_id_94,有毒,taboo
taboo_id_95,有湿热积滞者忌服。,taboo
taboo_id_96,有湿热，实邪者忌服。,taboo
taboo_id_97,有痰湿者不宜服。小儿勿多食。,taboo
taboo_id_98,有虫积而脾胃虚寒者慎服。,taboo
taboo_id_99,有表邪者慎用,taboo
taboo_id_100,服药时忌饮浓茶。,taboo
taboo_id_101,本品力缓，宜多服久服。脾虚无湿，大便燥结及孕妇慎服。,taboo
taboo_id_102,本品多服久服，易引起便秘和消化不良,taboo
taboo_id_103,本品易成瘾，不宜常服，孕妇及儿童禁用，运动员慎用。,taboo
taboo_id_104,本品有毒，一般不作内服。皮肤有破损及过敏者禁用，孕妇慎用。,taboo
taboo_id_105,本品有毒，不宜大量服用，也不宜少量久服，孕妇及肝肾功能不全者禁用。,taboo
taboo_id_106,本品有毒，内服宜用制品，不宜多服，久服。阴虚火旺患者及孕妇禁用。,taboo
taboo_id_107,正气虚弱，久病体弱者慎服。,taboo
taboo_id_108,气弱津伤，精滑遗尿，小便过多及孕妇禁服。,taboo
taboo_id_109,气虚及阴虚有燥痰者不宜服。,taboo
taboo_id_110,气虚无湿热及孕妇患者慎服,taboo
taboo_id_111,气虚，疮疡平塌不起及孕妇忌服,taboo
taboo_id_112,气血两虚，脾胃薄弱无积滞者慎服。孕妇忌服。,taboo
taboo_id_113,气血虚弱及孕妇忌服。,taboo
taboo_id_114,气血虚弱，痈疽已溃者及孕妇禁服。,taboo
taboo_id_115,气血虚弱，脾虚作泄者忌服。,taboo
taboo_id_116,气血虚者禁用。,taboo
taboo_id_117,泄泻者忌服,taboo
taboo_id_118,泻痢初起及脾胃虚寒者慎服。,taboo
taboo_id_119,温热病及阴虚阳盛之证，血证，孕妇忌服。,taboo
taboo_id_120,温病及气弱者忌服。,taboo
taboo_id_121,湿热内郁，中满吐逆忌服。,taboo
taboo_id_122,湿热积滞者慎服。,taboo
taboo_id_123,湿邪盛者慎用,taboo
taboo_id_124,煮食去苞须，不作药用时勿服。,taboo
taboo_id_125,生品内服宜慎，孕妇禁用，不宜与半夏，瓜蒌，瓜蒌子，瓜蒌皮，天花粉，川贝母，浙贝母，平贝母，伊贝母，湖北贝母，白蔹，白及同用。,taboo
taboo_id_126,生食有毒。,taboo
taboo_id_127,畏干漆，蜀椒，理石,taboo
taboo_id_128,痧疹已透，或虽未透出而热毒壅滞，非风寒外束者忌服,taboo
taboo_id_129,瞳孔散大者慎用。,taboo
taboo_id_130,肾虚小便不利或不禁，虚寒滑精者慎。,taboo
taboo_id_131,肾虚有热，小水不利或短涩赤黄，口苦舌干皆忌之。,taboo
taboo_id_132,肾虚阴亏者忌服。,taboo
taboo_id_133,胃寒呕吐及肺感风寒咳嗽者，法并忌之。,taboo
taboo_id_134,胃弱便溏，相火旺者忌服。,taboo
taboo_id_135,胃弱者慎服。,taboo
taboo_id_136,胃有寒湿者忌服。,taboo
taboo_id_137,胃热盛者慎服,taboo
taboo_id_138,脾弱便溏者勿服。,taboo
taboo_id_139,脾胃湿甚，痿痹，筋脉拘挛及外感初起忌服。,taboo
taboo_id_140,脾胃虚寒便溏者禁服。,taboo
taboo_id_141,脾胃虚寒及孕妇忌服,taboo
taboo_id_142,脾胃虚寒及孕妇慎服。,taboo
taboo_id_143,脾胃虚寒及气虚疮疡脓清者忌服。,taboo
taboo_id_144,脾胃虚寒及阳虚无火者禁服。,taboo
taboo_id_145,脾胃虚寒泄泻者忌服,taboo
taboo_id_146,脾胃虚寒者忌服,taboo
taboo_id_147,脾胃虚寒者忌服。,taboo
taboo_id_148,脾胃虚寒者慎服,taboo
taboo_id_149,脾胃虚寒者慎用。,taboo
taboo_id_150,脾胃虚寒者禁用,taboo
taboo_id_151,脾胃虚寒而无瘀滞者忌服,taboo
taboo_id_152,脾胃虚寒而无瘀滞者忌服。,taboo
taboo_id_153,脾胃虚寒，泄泻不食者切勿入口,taboo
taboo_id_154,脾胃虚弱及孕妇忌服,taboo
taboo_id_155,脾胃虚弱及孕妇慎服。,taboo
taboo_id_156,脾胃虚弱者勿服。,taboo
taboo_id_157,脾胃虚弱者慎服。,taboo
taboo_id_158,脾胃虚弱，有湿滞者慎用。,taboo
taboo_id_159,脾胃虚滑者，忌之,taboo
taboo_id_160,脾虚便溏和小便清利者忌用,taboo
taboo_id_161,脾虚便溏者忌服,taboo
taboo_id_162,脾虚慢惊患者禁服。,taboo
taboo_id_163,脾虚慢惊者慎用,taboo
taboo_id_164,脾虚肠滑者忌服，孕妇慎服。,taboo
taboo_id_165,脾阴不足，胃火盛，及孕妇慎服。,taboo
taboo_id_166,臭梧桐经高热煎煮后，降压作用减弱。,taboo
taboo_id_167,虚寒久痢禁服。,taboo
taboo_id_168,虚寒及血虚者慎服。,taboo
taboo_id_169,虚寒咳喘及脾弱便泄者慎服。,taboo
taboo_id_170,虚寒咳嗽忌服。,taboo
taboo_id_171,虚寒溏泻者慎服,taboo
taboo_id_172,虚寒精滑或气虚下陷者忌服。,taboo
taboo_id_173,虚寒证忌服。,taboo
taboo_id_174,虚寒证无火毒者禁服。,taboo
taboo_id_175,血热气虚及孕妇忌服。,taboo
taboo_id_176,血虚火盛者慎服,taboo
taboo_id_177,血虚病目者禁用,taboo
taboo_id_178,血虚者不宜，孕妇慎服。,taboo
taboo_id_179,血虚者忌服,taboo
taboo_id_180,血虚者，内热实火者禁服。不可久服。末经严格炮制不可服,taboo
taboo_id_181,表虚多汗者忌服。,taboo
taboo_id_182,表证初起者慎用。,taboo
taboo_id_183,要注意避免食用辛辣刺激性的食物，如辣椒，花椒等,taboo
taboo_id_184,阳虚无火，食不消，肠不实者忌之。,taboo
taboo_id_185,阳虚证及脾胃弱者慎服。,taboo
taboo_id_186,阴虚内热及无瘀滞者忌服。,taboo
taboo_id_187,阴虚内热及脾胃虚寒者不宜，孕妇慎用。,taboo
taboo_id_188,阴虚内热者忌用。,taboo
taboo_id_189,阴虚内热者慎用,taboo
taboo_id_190,阴虚劳咳及温热燥嗽者忌用,taboo
taboo_id_191,阴虚咳嗽及大便溏泄者忌服,taboo
taboo_id_192,阴虚多火人禁用,taboo
taboo_id_193,阴虚失血及无气滞血瘀者忌服，孕妇慎服,taboo
taboo_id_194,阴虚失血及热证呕吐反胃忌服。,taboo
taboo_id_195,阴虚有火者忌服。,taboo
taboo_id_196,阴虚有热者忌服,taboo
taboo_id_197,阴虚津伤者慎用,taboo
taboo_id_198,阴虚津液不足者慎服。,taboo
taboo_id_199,阴虚液燥者忌用,taboo
taboo_id_200,阴虚火旺忌服，孕妇慎服,taboo
taboo_id_201,阴虚火旺慎服。,taboo
taboo_id_202,阴虚火旺者忌服,taboo
taboo_id_203,阴虚火旺者忌服。,taboo
taboo_id_204,阴虚火旺者忌服。孕妇慎服。,taboo
taboo_id_205,阴虚火旺者忌用。,taboo
taboo_id_206,阴虚火旺者慎服,taboo
taboo_id_207,阴虚火旺肺热咳嗽者忌服。,taboo
taboo_id_208,阴虚火旺，上盛下虚及气弱之人忌服。,taboo
taboo_id_209,阴虚火旺，血虚无瘀者忌服,taboo
taboo_id_210,阴虚火燥，咳嗽肺损者，勿用。,taboo
taboo_id_211,阴虚燥咳及嗽气虚者不宜服。,taboo
taboo_id_212,阴虚者慎服本品。,taboo
taboo_id_213,阴虚而无湿热者慎服。,taboo
taboo_id_214,阴虚而相火易动者忌服。,taboo
taboo_id_215,阴虚胃弱，无湿热者忌服。且不宜久服和多服，及泄痢日久，由于脾胃气虚，妇人白沃，由于中气下陷，营血不足以致寒热者，不宜用。,taboo
taboo_id_216,阴虚血燥及孕妇气虚者慎服,taboo
taboo_id_217,阴虚血燥者慎服。,taboo
taboo_id_218,阴虚阳亢及火热内蕴之出血，咳嗽，疮疡，疟痢者禁服。,taboo
taboo_id_219,阴虚阳亢，烦躁汗多，咳嗽，吐血，精滑者慎服。,taboo
taboo_id_220,阴虚阳亢，烦躁汗多，精滑者慎服。,taboo
taboo_id_221,阴虚，无湿热者及孕妇慎服。,taboo
taboo_id_222,阴血不足者忌服,taboo
taboo_id_223,非出血不止者不用。,taboo
taboo_id_224,非因湿热引起的发黄忌服。,taboo
taboo_id_225,非痰热内结不化之实证，或脾胃虚弱，阴虚燥痰及孕妇均禁服。,taboo
taboo_id_226,风寒作嗽者忌服。,taboo
taboo_id_227,风寒咳嗽忌服,taboo
taboo_id_228,风寒咳嗽者及湿热酿痰致咳者禁用。,taboo
taboo_id_229,风火喉痛及中寒者忌用,taboo
taboo_id_230,麻疹已透及体虚多汗者禁服。,taboo
